measure,A,B,C,D,E
eco-energy,38.0523265,83.5494065,36.3359856,59.9219333,66.7839682
eco-time,28.9982971,55.9168022,27.2846683,51.8151357,56.0512562
fast-energy,38.4597711,83.9887764,40.3861081,80.9178117,73.9904030
fast-time,27.6751352,54.8192513,26.5258761,44.6855236,44.9658597
stop-time,20,30,40,30,480
stop-charger,0,0,1,0,1